measure,level,n,mean,stderr,lowerclmean,upperclmean
htn,All,6084,0.47664394,0.01055729,0.45414161,0.49914626
htn,Men,2776,0.50840912,0.01111972,0.48470799,0.53211025
htn,Women,3308,0.44579568,0.01474151,0.41437490,0.47721646
htn,18-39,1712,0.23433689,0.01552845,0.20123879,0.26743499
htn,40-59,1681,0.52461620,0.01356791,0.49569689,0.55353551
htn,60+,2691,0.71568036,0.01282696,0.68834034,0.74302039
aware,All,3240,0.59172366,0.01256258,0.56494715,0.61850017
aware,Men,1575,0.55167104,0.01288175,0.52421425,0.57912784
aware,Women,1665,0.63605004,0.01573989,0.60250126,0.66959883
aware,18-39,399,0.27185215,0.02785512,0.21248036,0.33122394
aware,40-59,897,0.56702695,0.02437943,0.51506342,0.61899047
aware,60+,1944,0.73693724,0.01281465,0.70962347,0.76425101
meds,All,3242,0.51160466,0.01173820,0.48658527,0.53662404
meds,Men,1577,0.46702822,0.01474277,0.43560476,0.49845168
meds,Women,1665,0.56097455,0.01429900,0.53049695,0.59145215
meds,18-39,399,0.13931140,0.01948324,0.09778386,0.18083894
meds,40-59,897,0.47114954,0.01989975,0.42873424,0.51356485
meds,60+,1946,0.68970279,0.01245666,0.66315204,0.71625353
controlled,All,3242,0.20739293,0.00929602,0.18757893,0.22720693
controlled,Men,1577,0.18909730,0.01157838,0.16441857,0.21377603
controlled,Women,1665,0.22765595,0.01435479,0.19705945,0.25825246
controlled,18-39,399,0.04499129,0.00852529,0.02682006,0.06316252
controlled,40-59,897,0.18083163,0.01526724,0.14829027,0.21337299
controlled,60+,1946,0.29210952,0.01737829,0.25506856,0.32915047
