model,effect,oddsratioest,lowercl,uppercl
unaware,agegrp  40-59 vs 18-39,0.231710,0.153900,0.348860
unaware,agegrp  60+   vs 18-39,0.097460,0.066025,0.143862
unaware,sex     Men vs Women,1.147967,0.957382,1.376491
unaware,race    Asian    vs White,0.574360,0.295803,1.115235
unaware,race    Black    vs White,0.546450,0.390396,0.764883
unaware,race    Hispanic vs White,0.823898,0.610416,1.112042
unaware,race    Other    vs White,0.904905,0.543420,1.506851
unaware,income  2-4x vs 4x+,0.886168,0.733488,1.070629
unaware,income  <2x  vs 4x+,0.606670,0.484716,0.759306
unaware,insured no vs yes,2.198318,1.512558,3.194985
unaware,bmi     25-30 vs <25,0.713719,0.508776,1.001217
unaware,bmi     30+   vs <25,0.452744,0.332882,0.615766
uncontrolled,agegrp  40-59 vs 18-39,0.549539,0.235964,1.279826
uncontrolled,agegrp  60+   vs 18-39,0.401965,0.192289,0.840276
uncontrolled,sex     Men vs Women,1.054457,0.768018,1.447726
uncontrolled,race    Asian    vs White,0.524499,0.232294,1.184270
uncontrolled,race    Black    vs White,1.462232,0.894184,2.391142
uncontrolled,race    Hispanic vs White,1.009061,0.602591,1.689711
uncontrolled,race    Other    vs White,0.810036,0.467372,1.403933
uncontrolled,income  2-4x vs 4x+,1.318336,0.947044,1.835194
uncontrolled,income  <2x  vs 4x+,1.116802,0.799208,1.560603
uncontrolled,insured no vs yes,1.115507,0.461735,2.694958
uncontrolled,bmi     25-30 vs <25,0.891150,0.663592,1.196743
uncontrolled,bmi     30+   vs <25,0.697034,0.493181,0.985149
